threads,time_seconds
1,7.78391
2,4.00221
3,2.76619
4,2.04061
5,1.85279
6,1.72061
7,1.58972
8,1.50093
